Enrika,Hall-Gough,ehallgough0@disqus.com,(817) 6406449
Peyton,Saiger,psaiger1@a8.net,(734) 6945046
Bert,Taig,btaig2@blogtalkradio.com,(713) 8052863
Lorilee,Lucus,llucus3@mlb.com,(436) 9667007
Gustav,Casely,gcasely4@europa.eu,(374) 4229754
Blinnie,Stribbling,bstribbling5@facebook.com,(921) 4906033
Beniamino,Alekseicik,balekseicik6@examiner.com,(569) 2793626
Gladys,Stollenbecker,gstollenbecker7@ehow.com,(497) 4137627
Chickie,Ferney,cferney8@geocities.jp,(597) 5342409
Bridgette,Kohnemann,bkohnemann9@over-blog.com,(959) 1310803
